Spotify ID,Name
3CIIaeZuFYrAD6PRVyuO4U,Felipe Amorim
1G9G7WwrXka3Z1r7aIDjI7,Outkast
00sCATpEvwH48ays7PlQFU,Jonita Gandhi
3uUcdriXzvaQapjo3a4DZR,Cristobal Tapia De Veer
3XHO7cRUPCLOr6jwp8vsx5,alt-J
4MavQ0I0q9aAXj0mErfkqC,Luísa e os Alquimistas
3nFkdlSjzX9mRTtwJOzDYB,JAY-Z
2mF7ygWz9oyJ3L6ZPWlZVH,Vigro Deep
4LLpKhyESsyAXpc4laK94U,Mac Miller
4iMO20EPodreIaEl8qW66y,Still Woozy
6PEMFpe3PTOksdV4ZXUpbE,NxWorries
0ys2OFYzWYB5hRDLCsBqxt,Fuerza Regida
6XBTCTrEHuF9jxzkqY4S0D,Brenno
09hVIj6vWgoCDtT03h8ZCa,A Tribe Called Quest
0fA0VVWsXO9YnASrzqfmYu,Kid Cudi
3Ujv6sa60JRiaxS8RVuNOj,Tuyo
59oA5WbbQvomJz2BuRG071,Jungle
0LshXUmIub6xKvOq4QmtNs,ITHAN NY
5FxD8fkQZ6KcsSYupDVoSO,Omar Apollo
5cMgGlA1xGyeAB2ctYlRdZ,Gang Starr
5me0Irg2ANcsgc93uaYrpb,The Notorious B.I.G.
7iK8PXO48WeuP03g8YR51W,Myke Towers
7ltDVBr6mKbRvohxheJ9h1,ROSALÍA
6rwq7oW7O6Aq2ycOKsfXJi,Connor Casper
0Oyxj6T9BLAkfJmxEMbuFn,Clara Valverde
777DUvjLDJpcVq84ogE8sG,DJ Jader Tremendo
7xGwSsxEISjWZGbaXiLN8z,Lamparina
4m5LghDfOKFZNEBZ0GO1OQ,Jovem Dionisio
0JCwkTQqtgVQXBRxwEloEg,Os Fugitivos
0fpg4Y7Q6ZRDSppLLt7G0n,Mc Tha
12i4XNuGj3mOnIsmeyw1HR,Rachel Reis
3WrFJ7ztbogyGnTHbHJFl2,The Beatles
6q7nMIVgGohQ14mSsq3F8t,Gilsons
2LRoIwlKmHjgvigdNGBHNo,Feid
50sftj2oW2iBviA6RkTzsz,Silva
5wbf52LA6kcaboHSN6NEF1,PEDRO SAMPAIO
7hJcb9fa4alzcOq3EaNPoG,Snoop Dogg
2GHclqNVjqGuiE5mA7BEoc,Common
2TcGJdSOiOvITBzhvfX8XB,Shouse
0Y5tJX1MQlPlqiwlOH1tJY,Travis Scott
5JHYuwE2n7bleXMUsmtCW5,BaianaSystem
5D56dZmhE9DgT01XixdHiD,Lagum
3ycxRkcZ67ALN3GQJ57Vig,Masego
21451j1KhjAiaYKflxBjr1,Zion & Lennox
5wJ1H6ud777odtZl5gG507,Vishal Mishra
2QLSJqqGIstNbO6nYRR16o,DUDA BEAT
738wLrAtLtCtFOLvQBXOXp,Major Lazer
05etL4pzWd6TSv1x5WrlG3,Faheem Abdullah
4laQz4PaKeh2Hu6QL6evVD,Tribalistas
3kb5Da0lPehCHCE5SVLNQk,Hillsong Chapel
1yxSLGMDHlW21z4YXirZDS,Black Eyed Peas
48pDK4NOqLtJxn5AAKVUra,YT
2sSGPbdZJkaSE2AbcGOACx,The Marías
4859dldHEllxxWOTQS1QKI,ALMAR
0jsnWH4QCKcAMpR7vEhh9u,¿Téo?
2JJKoRrK7Eec7jlcjFB7sc,Dabzee
2uSwBbWqsXgoMYQjynmwQ7,Di propósito
6s22t5Y3prQHyaHWUN1R1C,AJR
7a0XAaPaK2aDSqa8p3QnC7,Beéle
1vrahybrKylgwkjhbmOz94,Yera
1CbQrKvCpEnekM3QMGJtXK,MC Meno K
7gOdHgIoIKoe4i9Tta6qdD,Jonas Brothers
3nuc29fYGlQbIrwh4yrNWd,Lake Street Dive
5Pwc4xIPtQLFEnJriah9YJ,OneRepublic
35j3Bv3gRKUHbiFSxVjjIf,Stig Brenner
6XyY86QOPPrYVGvF9ch6wz,Linkin Park
4gzpq5DPGxSnKTe4SA8HAU,Coldplay
4QvgGvpgzgyUOo8Yp8LDm9,Mrs. GREEN APPLE
0mMqD2uqwvCjFvlzo6ayGi,DJ Maphorisa
4FcZfItjVIsfO9TynErl7X,Jubël
3m5qlPf2OkihLz3dRYnkPA,Ovy on the Drums
2R4kNOwHUUsuDYhKsESVbF,Artie 5ive
3DHtfeD4PsmR9YGhCP4VF7,Nemzzz
3ebS2RuCq8QeLyndUDmgB5,WizTheMc
0FwnPHExlRRxEZPLAi5tmG,JC Reyes
7Ln80lUS6He07XvHI8qqHH,Arctic Monkeys
5C4PDR4LnhZTbVnKWXuDKD,Morat
08GQAI4eElDnROBrJRGE0X,Fleetwood Mac
3gd8FJtBJtkRxdfbTu19U2,Mumford & Sons
4KXp3xtaz1wWXnu5u34eVX,Kent
26zgIfFyTCImkHAp5gwKW8,Joé Dwèt Filé
3p7PcrEHaaKLJnPUGOtRlT,Henrique & Juliano
5VKufGMVAZ6fs111xYNKnU,MACAN
39SBljHcUD66edvRmiRqlS,Himra
3TOqt5oJwL9BE2NG9MEwDa,Disturbed
1mBydYMVBECdDmMfE2sEUO,Sachin-Jigar
1bfl0AU8SqmLkElptOprhC,Julión Álvarez y su Norteño Banda
4VlxI0WKDh7HFgHjXcfj6v,Kelvin Momo
4eq1q0o9XPyNq9RG3fNDD1,Yorghaki
6zn0ihyAApAYV51zpXxdEp,10CM
7x3eTVPlBiPjXHn3qotY86,KeBlack
3YBJLs7RqR0aPGBgU27nDh,WeRenoi
7lLXoYGdo1e4zQYi8mtuPp,yung kai
1bNjWBFWsAAzZSR59lRdpR,Kabza De Small
7iUy9ctasMRtp5jwWs95Fm,LO-FI BEATS
6TKygPpVT29oGUogu4J9Ec,Yan Block
08OCWF4MDd9CQC2uPbsV3j,Xavi
7eGuHhstHEA8ipdVjsimYR,Oimara
6RTC1abMgBC7Krg6qJQHJh,Duman
1kmpkcYbuaZ8tnFejLzkj2,Miyagi
1QAJqy2dA3ihHBFIHRphZj,Cigarettes After Sex
6rs1KAoQnFalSqSU4LTh8g,back number
2g2HWripkxzRZDZJ4KTBSB,Rebounder
4cG43cUBRJWWDsRh4SW48i,Viktor Sheen
4IyNotCIjNh6vmNb2bVSgK,Full Blown
1cUpGtXcSQsovNYEZOQgOG,Nanpa Básico
2hVWBpjLW4Q7fboYz2pVYK,Moliy
6FBWNqg4JjGOtOA5xwSnXz,De La Rose
6olE6TJLqED3rqDCT0FyPh,Nirvana
0pVHBkObr9UNIWpms1e4I0,Zartmann
2loEsOijJ6XiGzWYFXMIRk,Adam Port
4AKwIU9B31J3L41DuJfFym,Mona
4gKSUeHW82tGBeJsJSB1JC,J. Eskine
53XhwfbYqKCa1cC15pYq2q,Imagine Dragons
6vTqEFbTtTRJsuIpzZgjxi,Grupo Menos é Mais
1IFAU4mznUcfPVP9z2c24N,Daecolm
3LujD0iQ9jRbSCMA39CGfO,Separ
3l9G1G9MxH6DaRhwLklaf5,Oscar Maydon
1qto4hHid1P71emI6Fd8xi,Aventura
4Z8W4fKeB5YxbusRsdQVPb,Radiohead
6GI52t8N5F02MxU0g5U69P,Santana
20nQEKPFF17RKYUsxaDsCj,Shubh
3SozjO3Lat463tQICI9LcE,Tyla
1uRVM0wBdtyEuU582EeKJM,NOTION
42FzVuyJH8YbkhzWSR2n8E,almost monday
0k17h0D3J5VfsdmQ1iZtE9,Pink Floyd
1cNPXWhKfjI0fT5EMCnamR,DJ Guuga
60KR2lVVoYd6GIcfLoUjPI,Dani Mocanu
67hb7towEyKvt5Z8Bx306c,Empire of the Sun
3scNK8e4mqnP6Rb8a3lwZY,Maanu
0pWR7TsFhvSCnbmHDjWgrE,Creepy Nuts
4wMZCaoSEfj4GpTsBiAEnI,Lucky Brown
5a7c4KGYYGhtrvsZkZMMht,Chris Joss
2Gzy8TYJ5xrEMDyUjZuDsK,Masicka
7v49oVVUhvIQG5EK0jkcF7,PRO8L3M
68dW5BU6sdVNf099EylxEt,Hov1
0WwSkZ7LtFUFjGjMZBMt6T,Dire Straits
3tMTXQyRrPmMyHv5SoC0TV,Juicy Luicy
1Bp5RHQ2K9k986YoxNvACB,Perera DJ
11oaKJc8rsz6x8YPVjca4X,Engel Montaz
73VKEgMtKpysM3ITNxkXDa,Navai
0LcJLqbBmaGUft1e9Mm8HV,ABBA
0rvjqX7ttXeg3mTy8Xscbt,Journey
4bw2Am3p9ji3mYsXNXtQcd,Piso 21
0dUHzfa2msKEpMevzsdwqG,Babalwa M
4blbIMKwfzTxHGvN0Est1t,KAJ
5NGO30tJxFlKixkPSgXcFE,The Police
5Uox3n7m4W2CoM9MmHPJwQ,Delaossa
6nJ2MPazBFrwU07sGCpdcO,DESH
7Gy1PxqrgsiqWF6JNYPHeB,.Feast
2b9qemp1Y8NuEbY4RMYHY1,Jazzy Coffee
7k73EtZwoPs516ZxE72KsO,ONE OK ROCK
61nn6nOoLWjVC1ER2qFAvN,Cup of Joe
77SW9BnxLY8rJ0RciFqkHh,The Neighbourhood
0V2oXYR7DtrZAEFeILRW2r,Lvbel C5
1hwKCeSXpLrh4OQND6iQHw,OBLADAET
0C0XlULifJtAgn6ZNCW2eu,The Killers
3NH8t45zOTqzlZgBvZRjvB,PNL
1cZQSpDsxgKIX2yW5OR9Ot,Lennon Stella
2Jv0w50BNaGlwnXpq69HGm,Prince Swanny
1chOgh5tgwfiyJ2zhUHwBj,Dionela
58FAQGIDRMXK5AsxJu9YNp,Betsy
6ltzsmQQbmdoHHbLZ4ZN25,Lord Huron
1SyKki7JI1AZNKwgNMkn25,Sachet-Parampara
6LEG9Ld1aLImEFEVHdWNSB,AP Dhillon
3zorWCDx017sz4UYP2fC9w,Chronic Law
6XjgqvaVLUib6lCerbZrYD,STRYV
37lTKHi901VnwngQ7C8noT,Malachiii
7t0rwkOPGlDPEhaOcVtOt9,The Cranberries
5K7I26MxiGYaHQ2q6PPMnb,Artik
711MCceyCBcFnzjGY4Q7Un,AC/DC
4pQtCciYtP1aEqpcFnqiy4,Jeff Redd
5CAruGjgds3QlF5ICtEnnc,Jairo Vera
4XpPveeg7RuYS3CgLo75t9,Deafheaven
11p2E654TTU8e0nZWBR4AL,Mark Ambor
1Fg19vpUJpAAPFjnKaVYVW,Reynmen
4F5TrtYYxsVM1PhbtISE5m,Beyond
6wWVKhxIU2cEi0K81v7HvP,Rammstein
69GGBxA162lTqCwzJG5jLp,The Chainsmokers
6RdcIWVKYYzNzjQRd3oyHS,Pinguini Tattici Nucleari
550oNhOK4JNFLLaXtaRKZ7,Stixx
0DCw6lHkzh9t7f8Hb4Z0Sx,Arch Enemy
0Il5vC8lqunSFNav4mMLxU,Natanzinho Lima
5SulO4l40qDuV9zUGLZx7n,Capo Plaza
5PRW6j58xEEWL4DDVEITKT,Dedublüman
7AWAljMatr7bxddF4kWzXG,Toquel
4IC2X34tZmHG3VfTbpzvwL,Julianno Sosa
0ZCO8oVkMj897cKgFH7fRW,Los Ángeles Azules
0Mzpp7PoB7PZwCryMUFzbE,Crazy Monkey
78xUyw6FkVZrRAtziFdtdu,The Roots
0xPoVNPnxIIUS1vrxAYV00,Del Water Gap
3lFDsTyYNPQc8WzJExnQWn,Sammy Rae & The Friends
6qiGjRyN7TJ1GA2nXF68Hi,Blind Pilot
6bDWAcdtVR3WHz2xtiIPUi,Fujii Kaze
6LszZyd03prLB8lIPbZ9Uo,Takayoshi
30gZlVVUt3gwNXlLorZjuq,Rocco
1XujSdsxykPhP3dn6HaT4l,PARK WON
1uAT5bTSp6dWbNmixIUP5t,BSS
4EPYWwU4c8eG2GzD7MenUA,Kim Feel
7oppHhvVWHX7WeGYjEOL6y,JUNHA PARK
0qjWYusrckF9BpkvWaoKRO,Cozy Coffee Shop
6lcBiGiT3dlyDMjBBtfyfS,Vacation Manor
462hgoSSVau039BHOvX1sk,Cozy Bedroom
0G7KI9I5BApiXc5Sqpyil9,Melt
6Je4hal6B5wiRd46aeswrs,MoBlack
6p2HnfM955TI1bX34dkLnI,The Backseat Lovers
7n0i6RECXvCkOElGs6IP97,Rec Hall
7FKTg75ADVMZgY3P9ZMRtH,flipturn
7kZwogcVgXjCsYBA82OEop,Yuuri
0n94vC3S9c3mb2HyNAOcjg,The Head And The Heart
6zzBsqAEDo53s2dSeZzWvo,Erol Evgin
1e7K8jD3wRuQfnwDAOeGqe,Fiji Blue
1A8jr7vbiIFwtWp3Zbg7dU,Cozy Apartment
6fC2AcsQtd9h4BWELbbire,Peach Pit
0FiwCNxugPKF4J3S166Dsx,SIRA
2PJ06l59DomDd440az768u,Landon Conrath
62MsVtC4EwGIpeRfo1my9M,Pak Joko
656ibQgcoUQrUPdhQWRcI3,SOMMA
5xkqotsRPu6KQ4PiWjSGQf,Selin
3MATPJ9tYbcMhw5VOZrRU6,Summer Salt
4eArh1v6UwBbKkjdgHCned,Kate Bollinger
6Wqpl1YTjgy5TiTluzFzjx,Tman Xpress
2CpLIMBoE2ZzyY3ZBCRZ7j,BUNT.
2ZHJEckf6HJXMSuD2icSSW,Sofian Medjmedj
4Ui2kfOqGujY81UcPrb5KE,HAIM
5SHgclK1ZpTdfdAmXW7J6s,The Last Dinner Party
5kVgcCdPbeUwxBqWxi2Ktl,Luan Pereira
69tiO1fG8VWduDl3ji2qhI,Mt. Joy
271bbpX3pdCi56ZJA1jQ43,Lava La Rue
7pbDxGE6nQSZVfiFdq9lOL,Rex Orange County
23E65IfLBGQv0FBrMwCcG2,Peter McPoland
0avMDS4HyoCEP6RqZJWpY2,Ethel Cain
2HkSsS8O2U2gPhnCGVN5vn,BETWEEN FRIENDS
00dwwnz3V4kRfu3UFYpJLz,Cherub
066X20Nz7iquqkkCW6Jxy6,LCD Soundsystem
0epOFNiUfyON9EYx7Tpr6V,The Strokes
36QJpDe2go2KgaRleHCDTp,Led Zeppelin
63vaeIIBKIe9zT91EORVbr,MorMor
5O35zGUolf87RATk2NgSD3,Hether
2mVVjNmdjXZZDvhgQWiakk,Khruangbin
3oKRxpszQKUjjaHz388fVA,Parcels
0PFtn5NtBbbUNbU9EAmIWF,TOTO
12trz2INGglrKMzLmg0y2C,Emotional Oranges
5ABBZoXY5r0UL1txACjinb,Ikebe Shakedown
5e3Z7HYpiVcP3TlU0a4yap,Lack Of Afro
6UwDvCLrM8X7XqyapqnSyJ,LofiCentral
6xdRb2GypJ7DqnWAI2mHGn,MUNA
7n2ZWKASozEQEUkoH9cMYs,Chill Hip-Hop Beats
2bTnGGWvuVQsMVyg31rmum,Zinadelphia
7kHAlU9AGwskSPdWQhnPXM,no lyrics
1rc39ZvAFk7t5PsByX1hjP,Derrol
1sgVcCMCarG7yWGmkP9wMb,John Vincent III
0wyMPXGfOuQzNR54ujR9Ix,Caamp
3ApUX1o6oSz321MMECyIYd,Quinn XCII
0hDjKSKjl1DC7ovYTDJHe8,Bruno Major
0ZxZlO7oWCSYMXhehpyMvE,COIN
1hzfo8twXdOegF3xireCYs,Milky Chance
41cBCgJoK9bpY0Qy2SWIRN,Cece Coakley
4V1v1oFnKe0b42lZh1QBnF,Ektor
4E0HD2PMY8kQJIjlShrLUS,PAWSA
4fPrGtgq6U5h3Q4GWUAsWL,Sukha
3IYUhFvPQItj6xySrBmZkd,Creedence Clearwater Revival
3moR9d0X97NAtZRhHWOta5,Saran
0MvXEITde2pNsHG1YBJgik,Arcane
0Y6dVaC9DZtPNH4591M42W,TV Girl
04gDigrS5kc9YWfZHwBETP,Maroon 5
2DaxqgrOhkeH0fpeiQq2f4,Oasis
07h4CCFmlXkwx0g4PL5Uuh,Guy2Bezbar
63nhVoVSfKcfBvyOt52Sj4,Bayron Fire
72ny4Thwj89o4msw1JkBql,Big One
2MiJmNQKPgwLZMr35cVqtq,Bogdan DLP
7g13nmmxq4XN0hd64Jzkol,Juli
7cYEt1pqMgXJdq00hAwVpT,Chase Atlantic
0rvCOUI3i3QNNYiAQaWvql,Theodora
7ybnRZKtRbWQzJfKyYSyh6,Mondo Cozmo
39B7ChWwrWDs7zXlsu3MoP,Sonny Fodera
6rPG97md3RdzwNc1eJQQNX,Oscar Mbo
4ojkMVHjuDZgDXSJy5qs2h,Madhubanti Bagchi
0AvGycOEDZTaBFLCaiGd9S,YOUNGOHM
2rN8LHqK4TBI7y3d9POvJb,Dhanda Nyoliwala
2wvUfjKGoXvcnDHq7GgMOa,The Ting Tings
048LktY5zMnakWq7PTtFrz,CKay
4kzSv6FtNOoY6s4VFD3L6e,Yugabharathi
716NhGYqD1jl2wI1Qkgq36,Bizarrap
2iDVt6mFbtbDEZG5ax0dTi,Tulus
41RJOF5tdFMmtyg5aEtWMJ,DJ Malvado
1dKdetem2xEmjgvyymzytS,Grupo Firme
34LetYSjEuG2fBb4Z8PwPg,Pashanim
4b20nn6eekG7JQYjX7zJPx,Andy Panda
3SXwqSqAoBz9WCI9PDQzY6,Fontaines D.C.
3YNm5MBjwq1QDeKQJq7wze,Nucci
2AbQwU2cuEGfD465wCXlg2,Rawayana
4tZwfgrHOc3mvqYlEYSvVi,Daft Punk
2GJMSZ7M3D0KyyKRhYgWju,Focalistic
7jy3rLJdDQY21OgRLCZ9sD,Foo Fighters
774od4b04zDMQMGxrJDeuB,Xcho
0Sv8sjzMHBbAWXt4CGB9Us,Coma_Cose
3AVx3OBPIk4pJQllAXoVs1,Gaia
3k7FDxixhDQYNuxOtiN7jl,Lalo y Los Descalzos
2n2RSaZqBuUUukhbLlpnE6,Sleep Token
3ozYqVCLohfpXIhalkhM8D,Aditya Rikhari
5bNXBeR6aWZC2SrZL0oNFh,Little John
4ZDoy7AWNgQVmX7T0u0B1j,No Te Va Gustar
64DvMieEUCdrYKmEIhDt8G,Arjan Dhillon
7mcJN2bWqCv7jvykgHp4KN,La Nueva Escuela
2FgooFaZzZy6PUyJImk0kG,Jada Kingdom
6ARKr2ZoLf9TDoQiZarJMt,makko
3JfHHtYuuQHtMtw2T7ff4v,Nilo
1cYhx7ZOhYoVmnDPb9KMwo,MC Davi
25uuaH9QdKIygoWTDzKuve,Da Muziqal Chef
1oxn6cQ37twQ7yGnlE3ETd,oki
17SY5q1CMOZJBRuPcKWwPI,J Abdiel
3AQRLZ9PuTAozP28Skbq8V,The Script
3GBSge8pq7mpezUQl0GAOA,Kausar Munir
68YeXpLt3jB7JHQS5ZjMGo,teto
06Q5VlSAku57lFzyME3HrM,Ke Personajes
7DXregrznS25AM30UY9sUU,King Savagge
55ZGFvikpNjQHvtTWS5aZF,Bolaget
7as5DY4Rz9jac9tgoTrj9H,Basta
6BRxQ8cD3eqnrVj6WKDok8,Ella Langley
4iXntje546XRJmmMTjTO7g,Amiel Sol
6V1SwiosQqf5XvmoTMCGa9,Dear Jane
47zz7sob9NUcODy0BTDvKx,Sade
5Dz2FizMLqV0Cr3c8uhEcF,MC Cebezinho
1GmyQ7LXwXscbKTbetzF6C,Amble
2xjp1njSsecnNhjgKZ35Ok,Silly Fools
4LEiUm1SRbFMgfqnQTwUbQ,Bon Iver
6sEfX6ntbBxeWBLggUMyyq,Medi
0L8ExT028jH3ddEcZwqJJ5,Red Hot Chili Peppers
2qk9voo8llSGYcZ6xrBzKx,Kings of Leon
2nacZFQ7nlwSw4RpsZlbpP,Rosenstolz
2DFCHTDIA0t638a4mm37dK,Raj Shekhar
76dRoxKtDwYkgCQePok9cU,Miksu / Macloud
51Blml2LZPmy7TTiAg47vQ,U2
1UjxAZqzphB1tsMb1aWBj0,Omega
72A0Z8q8NiochyK9gUHpCR,The Kolors
3atMq790wQ7IqjeSO0HFeP,Bayaan
6QpiYjzVCiO7063DWLTII7,HammAli
1FIUUafdGtfqLIP8pmPymL,Hael Husaini
1LxWE4LOhnqeaAx2tVUK6p,Saske
4qFxP3qN9GsnZDOkAE6x2m,December Avenue
4nVa6XlBFlIkF6msW57PHp,Hanumankind
3RUkVCv0E5vkTbR2g4NmEz,Sleazy
3AA28KZvwAUcZuOKwyblJQ,Gorillaz
2O9w0WQhGtr7oQWG6nUqh5,KKevin
2bucjueNUx2aVTUA7zj6w7,APON
4s6Xg38sbqh4xpf4OqhVUK,iZaak
6PIIKavZx20FlVKyIvb4Um,Calema
1EowJ1WwkMzkCkRomFhui7,RADWIMPS
4ZwOlDVAGXQo66ykbLQ8dP,Lamin
3rfM2cGqF6DB0kUyytMkXx,OROCHI
13t1RROs40VnX8PtMUnBqc,Eugenia Quevedo
6hzngLO20cX5IGqT0hVv1G,Anurag Saikia
6CPZWzcKiOKkHn4L2XI4i2,cakal
0PS6tNISpLo5tFSH06JA5h,Relax α Wave
2qixIA7qPFts4yN1Av017D,Mthunzi
2RIWb22QZmud0Ik6Ad7dS1,Kuban
5r1bdqzhgRoHC3YcCV6N5a,The Darkness
67pwWZtcg7U2P2keoeC9jW,Benjamin Hav
66c1SAIMsDtwZSmJISCBjK,Young Stunna
1Ts9of7VPZElwPQnqnDSfW,Lyanno
264Be2Waq137vybMlFYCnu,Theo Rose
74OaRjmyh0XyRZsQQQ5l7c,Jasleen Royal
58lV9VcRSjABbAbfWS6skp,Bon Jovi
13IyCFiPKhpVejuTyNulgU,Josas
1zeAbUJAbLOWeYpgRVnYmu,FLY LO
5nSGBmlgUdqWNExnOX8VtV,Rain Sounds
117XFtbZPnCI1EYKjYZWJc,Skusta Clee
0D00AEI0IWmoBtdIH75zXs,Dolly Style
4vIsAZx8AolYa6paJphDGY,Nirvair Pannu
41to5GCx0Vl9oP1fWbRJpr,Soobin
2rwALQ1SXdfUWPUd6WOfYS,Aaron May
6deZN1bslXzeGvOLaLMOIF,Nickelback
1WUEWZGTvX4AjC2y5PoSDd,La Única Tropical
6Kp3KWPiVgi33DkJqo9T4g,Zinoleesky
58r1rB5t3VF5X6yXGPequV,Maverick City Music
4ysmSq2N7badobfVT6YZ82,Gobs
0NKDgy9j66h3DLnN8qu1bB,Eurythmics
6lmrCOEWctZj9LghJ9wxuv,SleepTherapy
42LEQxfXLEuzdqorKBbUVN,RaiNao
1bdytLV3FPjyhfrb6BhMej,Asia
1zng9JZpblpk48IPceRWs8,Grupo Niche
4pQcWzOMSmmz5DK6TqO2FL,Blxckie
0ECwFtbIWEVNwjlrfc6xoL,Eagles
0cy6ZMOTeautXRNJsR6PiV,Ivan Greko
51XrH5fQP2oIQynuKxSWcW,Sky Rompiendo
3FCZbxRcaSgYfklG2HCFh2,BAD HOP
3YCKuqpv9nCsIhJ2v8SMix,Elevation Worship
3mIj9lX2MWuHmhNCA7LSCW,The 1975
4Rh80sXmcG4xDP1r6dTNiQ,Estevan Plazola
6Lzrnf8rA3CUZ5uUQRt8RJ,Valiant
3GdSQUH1BRtl9UrrtuwJlP,Irshad Kamil
5SxygJYC7XuJeEl4f4d1qR,Bushy B
5069JTmv5ZDyPeZaCCXiCg,wave to earth
55mdlQp6zN8zdyIYB9DDQj,JVG
6Gsh7oJoJ5EQUuQk0EhfWL,Malandro
3J7r4VsNmuWixU0nXvyPd8,Kalash
30WlMKuvwN6RrMeLARZeqk,Yanga Chief
3SgHzT552wy2W8pNLaLk24,Hillsong Worship
3ZztVuWxHzNpl0THurTFCv,Architects
6jvJrJNRIBqin5CYaT2cup,TV-2
24Lqq3mnesl7IljSVFEBEO,Hver gang vi møtes
1v1khTmozNfxB2ET1Ep288,Last Child
6Y2ntNyRWR0KaLrI4Ke59L,Panda
3YbOSxo85kla7RID8ugnW3,Los Temerarios
5nGIFgo0shDenQYSE0Sn7c,Evanescence
53A0W3U0s8diEn9RhXQhVz,Keane
77iZVjeYoYSl5P0K9mIiUE,Haze
3L774tiJRvPmAS90pOLB44,Rsko
1gW6pz5n1aK249L0GvfQCC,Grupo Marca Registrada
5kmceQl1Y7lveTVbcy5ycD,Dlala Thukzin
0xj9MJx9r0wO2o4aqdergP,DJ Topo
51ZhiTtynrHq7tD4xfGZV7,moon tang
6rYEqmajzlhGVaayOJ2bpJ,Yasin
2DROUS508UCfEbMwsCg66f,Trile
30WLe30YBfDFoIkJS0Tml9,Ares
1T7MiVJ2MJlR5GKi11w4VT,Pawan Singh
1IDBhlpDyKr53UKKxXRHXD,NDX A.K.A.
0YQgIcmKel8h48AYxofu4J,ZIAN
6PH3FLQAxtqYy46Zv08bpV,Ivan Cornejo
79EdimLNgGzkUxcryJjcoa,Helix Dynasty
1ul8iLt2WnFe2UIyovjg7q,reezy
3jiOHVFdVQjbSDVeC7RgY7,Wir sind Helden
13bDjug9N0pyv3ZUINjkDV,Bausa
3wbCeEPAW6po7J46netxMT,Up Dharma Down
1YOVBTvznjiDvtAj4ExHeo,BK
49tQo2QULno7gxHutgccqF,LANY
0E02VcvA5p1ndkLdqWD5JB,Ankit Tiwari
5HZtdKfC4xU0wvhEyYDWiY,Hieuthuhai
762310PdDnwsDxAQxzQkfX,Depeche Mode
75i9GaW2MJUgt4BkdUnuUY,MC Ryan SP
2GVksDv9UpY60i4CvytrZK,Cairokee
1XnyRY1hSHsZxiIEX8Nzl5,The Belonging Co
5rSXSAkZ67PYJSvpUpkOr7,Backstreet Boys
22dFwJoRBV51ue5TGnC7Dt,Beny Jr
6EKzehEG2fwJtRMH4KbjsA,Maoli
1SXhEXzOTF7YeuQX59m7pT,NATTAN
4DwhNqibDIsxIamSxWb7tQ,Gotthard
3gm9b6AeMf2eGQTLashkDt,Deemz
26bcq2nyj5GB7uRr558iQg,Survivor
6YgPVbrxWFP9dnp8dsqDry,Saiko
5DHi2MeoRgAwPE0A0qwRMl,Gurinder Gill
2c3PFZtun8HemDbDfRPV6G,BoomBox
7okwEbXzyT2VffBmyQBWLz,Maná
2zYmwYLeJvcr8vRQe5pQRa,Valentin Strykalo
3DmG65yHQsMms7WAvrZOdt,Enigma
5eAWCfyUhZtHHtBdNk56l1,System of a Down
63RF3q8ejWJup6nAPb3KLw,BESS
15AZJFNrXtIN4Nk8BIOnS2,Batuflex
6MDME20pz9RveH9rEXvrOM,Clean Bandit
4NiJW4q9ichVqL1aUsgGAN,A Day to Remember
4oZolC0sCwCAKqsNXfRlVS,The La Planta
0PhqM7UAxtvWYi5j4MwxSl,Dolu Kadehi Ters Tut
2Ieszafc1unlRGyRmhGDFB,Florin Cercel
63ylN6WBUUxxMsySiDmr0B,Omoinotake
71qeeXflQetBnl2rvpfgiH,Costel Biju
0slOzRzTQb1RBBVJbvRITP,Quang Hùng MasterD
4qla74GaFZkhFIUQvGZAEN,Nerieš
2oIQCM7hRZI9tS5b9S8rj4,Tyler ICU
4nGp682WMiKS4X217kPw8C,Silent Sanctuary
5Zwlr28h134D0OzxzUfVCA,BSW
04QHNiih9ZesPvals6II1h,MC Marks
4uoA55AcDfXP6BqttlThF2,Kater Karma
5pxvW2nJ0a77b9oX24Unwi,Tattoo Colour
5B5qmrbTFvA7TAxWruuwbo,Aarne
3yKoHgjtyenCOIRaD2Gghu,Cafe Music BGM channel
3YQKmKGau1PzlVlkL1iodx,twenty one pilots
1zxDewzd2j1ZdSBGaYcr0y,The Outfield
7FRQP6Ivwv3DQCLxpR3I6Z,Birnir
6Vxu4TDCN5TMlRpdu6a2Ag,Mc K9
68rvMwPL0yMbYR5cv0pzCR,Elissa
1cPZVDr7iqieRtwyHbB8Nj,ST Da Gambian Dream
6Ff53KvcvAj5U7Z1vojB5o,*NSYNC
6dHeAEPirmJjxme9SOcLHp,Miraj Tzunami
6IZpbQfhhuVVPlDvdQ7hrM,Bharath
3GPTvhZ8XfH7WkHXidvELk,Chris Lebron
1g4J8P1JWwanNyyXckRX5W,Adamlar
6yWyIM8jA96kl3jlCXpabB,Nelson Freitas
2uodbv2953Z7R1ipwucK2A,Bien
6wN4QyhoM6fN49kEB25rnl,Snik
2pywmTkxO0H1CY8ZXSJTSC,Neelkamal Singh
6IdtcAwaNVAggwd6sCKgTI,Zoé
2Wk167T0fY1fABsHM5qFcI,Sherine
0lAWpj5szCSwM4rUMHYmrr,Måneskin
32R0YwtKLXPq4R7VohCY7k,Sean Rii
2sTsPKX3soQFamJQTskyhy,Wolker
49jTY62Cpw3RYo4dLuG43W,Cian Ducrot
4hPjVdjvW0mGTST807UMEh,AMO
1Twi7NfmUzbXF7lEMaGCqF,Ink Waruntorn
5oNWzcU0mYK1zDUxBGHIaG,Hannah Mae
1WX2v0BiEW19Vw7xmznLdZ,Vierra
7g4cPtKxNx146qdaY90TG4,Yemil
4ZVqwKf9cBe5szGB92PRn2,PEKI
0NJI3CV8t7MIgRhC3Ov2vV,Sven Versteeg
1ssEwBiz4ZKrbgR6o8vOeg,PolyCat
0bqYZDuHYSjfnY8JJutg4f,rian
6eBKQVpzyvlMoQaR7buvX8,Derya Bedavacı
2WGoTbMj2VO7bv45UG1WfM,Cheb Momo
1dmuM6bG5J8sDFyp26x9Nf,Aziz Harun
165ZgPlLkK7bf5bDoFc6Sb,Limp Bizkit
4esoPgrgPKbWa6gwU8EGmH,Tilly Birds
6OpMnUsiCakRwOx3WLbUNW,JBS
65GDNtLQdPv30IljvoE2KW,MAKI
4m8URcWW3beNdxt4DnihgK,De Fam
7An4yvF7hDYDolN4m5zKBp,Soda Stereo
2DaMrZndfGgM3yd9ivadRC,Lipta
1fUSLFr4WUBx7joEcGwpvG,Sorriso Maroto
1H1zBr7TXFwTwsHU5kX9gW,OG Buda
2Jb9jVnCpWkXtoGznFJ6bF,Ecko
7z8eFxohsIg2Tu5evbNXXo,YZERR
0zO8yNnw5GQgutcIyXfGBY,Elena Rose
6j3GNS9wMWjlu8YokTJjPo,Anuar
07PdYoE4jVRF6Ut40GgVSP,Cartel de Santa
2WyypmYjOdaXg0bXDP67j7,Blaiz Fayah
5QLfxY8Phcamadzx1r79ck,Shimmi
3PfJE6ebCbCHeuqO4BfNeA,London Philharmonic Orchestra
6gIqKYKRmltKfkTnxhMv8V,Hasan Raheem
04yr1h3maDSKvM08pgOezF,Simone Sommerland
1ef225ay5TI0ZYvglnOMig,Samira
5M7RMcbgYy45XzC51HU355,Galena
1B03KdvD2TCVUEeaDbP5qf,Mesut kurtis
3jU3AsSSvKDxA4YkJuPzTI,Lilas
4vczAVLBVJzhMndKRCsQls,Djordan
1EfwyuCzDQpCslZc8C9gkG,SDP
79nkC8XZ5ohEVU0Xlf5Ael,サザンオールスターズ
0kObWap02DEg9EAJ3PBxzf,Starship
5ixQSDvAMa5O758xG8MWXT,Mor ve Ötesi
3z8diLlUCkN1j9N9ZdnfBJ,NiziU
49SLNYRfTi1p9R38NooZKS,SLF
0M4wzwZKh9SSHkOXYNvQlP,Zain Zohaib
18dspUI6gqabm5XCC2RcUD,SOG
3igykO7sW43wfhSjvnETTo,Prototype
2Ocy0O5zAhpH6OTde3jU1J,Bakr
0zOcE3mg9nS6l3yxt1Y0bK,The Fray
41jwAewzkXzGnmQotCXQ4u,Hangman
3RTAXX6KGdljBsOIupyZgT,Los Bunkers
1fxbULcd6ryMNc1usHoP0R,Quebonafide
5zvuXUYTvZczhbPG9HZRYI,Sino Msolo
0SGPrWBKXE2DfxLX4GbtBN,Anja Lechner
3kyJLSOihpXaaR1NBK42pd,Madumane
5vx4pDmiFDyKMhuOIgpiRv,Sydney Rose
1ryXwlpQNzkSCfU685Ftx5,Naff
5kjGRHClVacSyllOUqU1S0,Spitz
1xCbQhtV5c1Vc1I1n2jyv0,Chamaco
7MoIc5s9KXolCBH1fy9kkw,Japanese Breakfast
1GImnM7WYVp95431ypofy9,Caifanes
6iQqWcDg92kre5ykFLwqD8,Дайте танк (!)
1w5Kfo2jwwIPruYS2UWh56,Pearl Jam
6aYWFVBP7yiwJE0fCFXM6G,Tonton Malele
4rj3KWaLAnuxgtMMkypZhf,JVLI
0TFtGB2jsMA97sNDTLJ8QX,Anna Joyce
2f7f3AmL16mmiAmYnxmmfx,Provinz
5Q30fhTc0Sl0Q4C5dOjhhQ,La La Love You
7ENzWT59o740mBAZkR3dpO,Thunderstorms
4tJ6n38cpgqKuzjSX24BJA,Stavangerkameratene
25u4wHJWxCA9vO0CzxAbK7,Lukas Graham
7I2JG3CcPawkeQPE7uypHJ,HBz
0AKlp92jDKAGf7LhEtHF6g,Higashi
5nlhxXs2Lgr8nH98jC26pw,Costi
6acByqWJeuaM0TX5VoY6an,5MIINUST
6U4hHMBYGDF1f98bGjxC8U,Ayed
6EX4reSK7RJdVRONkaqJzl,Naki
2dsPXjJl58yqBAtUQmnFOb,Swift 047
5FIdLxucf1EKqZfxeeXZzD,URO
2yEwvVSSSUkcLeSTNyHKh8,Tool
2osoVujXgV0PA8lhqDKYFw,Callejeros
5CqbErFqBV89u0gqQfH3ks,031Choppa
5Asmk7uzCjVJN77MLDnvma,Karsten Glück
2yOGWPXuL8wG3F1q5FWmep,Die Kita-Frösche
5D2ui1KD49TfyCDb35zf5V,Ahmed Saad
0y59o4v8uw5crbN9M3JiL1,Badshah
4ws2inM1n8fx4JijwRqHzS,広橋真紀子
12Chz98pHFMPJEknJQMWvI,Muse
5RWzjEjUW2NWpSm00Ieo5X,Peter Pann
6bavluyndPK78nxOsXQcrF,TNX
4wJtkZRfieBICxs8onRjy6,Łobuzy
2YfO4GV7JrFSXyfEoa5id3,Nandy
4W91bbPB2CTSsHwt7eqNl7,Javed Ali
2cGwlqi3k18jFpUyTrsR84,The Verve
4U7lXyKdSf1JbM1aXvsodC,La Oreja de Van Gogh
4xXCRXOfQKQ2gjWxNhNzYW,Air Supply
0gjAAo7BlTd5MmP7qvIQLe,DJ Glad
6pNpb0Hcy98NRr1e8Vhxss,Alan Murin
3jfKIjYYnAfdUW40Uragnd,Free Finga
2ylIKKdMukkuprCgY4ZDFE,Donnie
1eZrOVQ8ady3sDTNdG9E4D,K3
2jkl2xJVm71azWAgZKyf42,Kino
3ghRXw2nUEH2THaL82hw8R,La K'onga
508weSx4HBumrGggFmc7br,Hunxho
4jzjimC1tMS2vTPIC9X6eB,Lemons
1hMAGfvamVXuSWBFQRFMeq,Over October
0vAALEhfbmllIOX1t7k5KU,Papa V
0JTMRuiDzOCjWuYtWMgv2s,Haloo Helsinki!
7Cp2hGcriAaDUAWpXnSEwm,buitruonglinh
57s0ep3eNSg81D7ZxiuHbC,Viva Suecia
3ugrrJTFpRhZJmuSzNdkgD,Tommy Gun
43cTNOHTq4t7YzHyttQxNf,V $ X V PRiNCE
5TnQc2N1iKlFjYD7CPGvFc,DAY6
0qT79UgT5tY4yudH9VfsdT,Sum 41
0UilEr4Ux3uNvBwoogmZzu,Mr Lambo
0y5FYSXCyECp4g3zYBXQ2f,Пабло
0OjRa6r1EIPF5RZPy1SGz9,Musketeers
58Wsq5pz5tOvWXBR8hOfxg,Breskvica
1Brdq29oq6t0jyJeeLLMx0,Kaso
6byQKddO1b34lXC2ZEjehQ,Patricio Rey y sus Redonditos de Ricota
4bthk9UfsYUYdcFyqxmSUU,Tears for Fears
3win9vGIxFfBRag9S63wwf,Bailey Zimmerman
59APLaxReprkLuj2JBO0YD,Scarlet
2r4agJg5M8a7lNJLIiLBNN,Paktofonika
0lD0cnzSrUjThgH9YxBF82,Luis Gabriel
6MBiPjSFsYijvVDtKDwVs4,Herra Hnetusmjör
0cUMeX7DFLIvLy0q8uqp6q,Drunken Masters
4Y4iQxPJ1BV03LEkW3vrTS,Alem
1byiL1WtteUjvqT6GhlEfh,Crayon
3PpjqSKBer3obW6lDflOBx,Ram Sampath
3TOhzLRYnkkul71yRBxIoM,Akhil Sachdeva
0jeYkqwckGJoHQhhXwgzk3,Cruz Cafuné
74T1WwwA8A9fXkT3jhk49D,DMS
2t0frJEIdex2PTwuLlGxDD,Carbonne
7vohy1W7YNLxHynG44UFjS,Sampagne
1gy83FHMv1GVuqYu3sxYxY,Frosti
1gpUtHqrKRAEy8w7ojs8l5,Kiri T
3nlpTZci9O5W8RsNoNH559,Juan Luis Guerra 4.40
34BnNmWVguXa3CigvfHJHS,Gordão do PC
6IRouO5mvvfcyxtPDKMYFN,Foreigner
26WKgv73kRHD0gEDKD1i8j,Keinemusik
76VTagPgPgPlFE7hfjT0Zt,bodyslam
7LVC96BEVGugTAp38AajV6,Lithe
0jmoN7cmqEaTwrd1bHq2yy,Stahlberger
0mA4dkNGiN4fqTBi2SLlAv,Edgardo Nuñez
5k96hVqrpJoo0zmlVggVzv,Louis Villain
40tNK2YedBV2jRFAHxpifB,David Tao
3ijila8dsJCViL148nKkW9,Solo Ansamblis
0gVfAlaeZLxf89TRVWW3ZN,Myshaan
07XSN3sPlIlB2L2XNcTwJw,KISS
7knmbOGe07k85GmK50vACB,Indochine
2f1Czzz5n4BX80U6cksGr9,Kabát
5i9Qt8HYwztn37VIhWWUqI,oRSo
3Q80PCEUBCiRhLSWdQApNt,Jakes Bejoy
2ab2DZJYIgKybaKmywetbo,Stilla
0KAKKSbOhxaO76PMHlhnVD,Nvcho
63Dir7MyAhpGcHU3rOh3uF,Chris Holsten
04UpsyroM3wyQYwhYd9mSv,Portion Boys
27T030eWyCQRmDyuvr1kxY,Scorpions
4VgvR7eu3k2T20mo6mXhXF,Intoxicados
4gYCJ1ltweGGPk3nvrvGfx,Outliers
1nQdZyarkEApwhC24Ftdpk,Ulukmanapo
2SWWw5uB9cO5m7zJQZqwmr,BOWKYLION
5rBUMBV7L6zPsEKnlgiOm9,Yener Çevik
6ctMiUYEAd4cy0CaH355Hk,Yo Maps
1Qp56T7n950O3EGMsSl81D,Ghost
5F0BGBdSL945Bzxrq8aGbn,Sijal
4kpoYPOSgCl2jYvCm6Cp05,Muhammad Al Muqit
5ZqnEfVdEGmoPxtELhN7ai,Estopa
5NYUb39ntjgN7cRtN4y25T,Anton Westerlin
3iGhlvzpXc0UHBQ7klAItX,Mitraz
30vrenVnQWKWHe1rG3AwIy,O'Bros
5diMmmNkRVfgUnXJrzXzjZ,Javed Bashir
7BgEOZ9w3Y4IMShXTMu1nN,Frah Quintale
12GghNFuOPqpisGJPLH0Jn,Kelson Most Wanted
48yQuRfvklyupKmridU1du,Charita Utami
0IEzMvarfVycBJAXjjEZOL,La Pantera
3E6LGptA8lBEXPHAQCE3vr,Kai Đinh
3Hog7RVQ1lAv1crdfiJPLq,Superbus
7GQDI5Vmxs92RsIRZzYT11,Pirlo
0zgpYPDY3hFaK1DqbWgCjI,Hump Back
5Xi3NfsVBIEbaWVUfBTy39,Govana
3sMD9js59UX6gYODxbg1VV,Bizi
0T8Ix53aIN4F7aEKj4EnKy,Jasiel Nuñez
7oPftvlwr6VrsViSDV7fJY,Green Day
6XFc29m1ptfUNmaa1UTuBT,Mc Joãozinho VT
1LtOyg9h0sJidHIFXLaICB,Narco
1CPC6yBRVnK1WxibuqwNNH,Rishi Roy
5WKUZJPvN1SScyggtPFShK,Nerd Connection
7yBuSjd5Z3w7acodk51evR,Afroto
70IRyiXZdU8eIY56M0sBta,AG
4OfNMlT0WYGk3vNt7qrGSj,R2
3a4bEvoyyeZPOLxCkSgPO6,A.V.G
2JY5qzEozvTdogkDTkkOMf,The Wiggles
007FXgr0jLBJxhPJjacXQH,Eric Land
3rIZMv9rysU7JkLzEaC5Jp,Snow Patrol
6u7q0ZGK0oilVYx4kqIk3E,Krúbi
2Ooa3TrmlskyBftzenv6xQ,Payung Teduh
1G1kmZD6RzJLZ5Q9Nrvmbx,Djadja
4Q3xLVaD2uBZGVxmCYuSkt,Kabe
3txNoNUfBAHT1ZSGT2R30y,Geisha
0HIhHN1AjF18APmk5yIEZY,Skin
6xErgeZYatiaQ36SB5bvi8,告五人
0Tuudqq2NACRXkvTQGazY2,Negrita
2ptKt4yP4mYRZmvi09JYyi,Timal
4z0z82pXirH1TrygipQlOo,Afsana Khan
027TpXKGwdXP7iwbjUSpV8,The Walters
2qx7K1T3gw9J0JTQnaGnBD,Amsterdam Sinfonietta
0lCzbSVa8RZoPsuDM9YBJS,Tiitof
1LZEQNv7sE11VDY3SdxQeN,Bee Gees
7xcbCUOXrxDyWxbYxPq60B,Indraneel
16kOCiqZ1auY4sokSeZuKf,Los Bukis
44ghyStDOsSKK2iGVdhRud,5УТРА
5LfGQac0EIXyAN8aUwmNAQ,The Offspring
20DGzsmA7vCELeJn4OkulJ,Majki
60uh2KYYSCqAgJNxcU4DA0,Hombres G
3fdFRgy3GmfiWQqeKbmFS8,Mas Musiq
0jWCX6zp4RjWrmZRxJ2uri,Novelbright
6CP5wWvO8oIxedESJNCN4H,Ski Aggu
2XNwtpu314ZSFziTt0ZqZT,Minz
0DpLoyGVbhOHNR3ht2oO9y,Calein
69WMBCOrVeaxtZJCowDJ0a,Khesari Lal Yadav
2U1l35agymGrBDFeMIxVLG,Pil C
2yJwXpWAQOOl5XFzbCxLs9,Bad Religion
3iUGCPBBseYhEhwqCG7PNy,Kings Elliot
16TsNPlesuA1R9kPLS6nta,Favst
4DWuml4Jf6K81b5rAPwMb6,Clementine Douglas
7evlWm7RyagYqxSQN5E6UN,Kinderen voor Kinderen
2tswayWsUGjUwpvN8KRwuN,Morada
3MP2WJg5D3bmH5Mz2scPF8,DJ Flow
4Cfx9c45o8GigUIYzDie9B,Patent Ochsner
07tFgedhta5b5WaF0Yj4bH,SALUKI
0b4zEyqVkKTcrrZbzw7Rl5,One Two
3c4mJY5ixVvzRBdYvBtxci,D'Yani
6WI9EjCdJWcwOFFtubMrGM,N1NT3ND0
42A1uhQc0Rln9VlVGsll0m,Dip Doundou Guiss
1uZVxckdGGKhFMpCnupXmP,Los Pleneros de la Cresta
6opz1Ax3VqCmeQBGax1erx,BRÍET
4k9wp4ipHdA1bu1T4x1ZTG,IV Of Spades
2A3rmRL2kja5NoroAGdZPb,Stein27
2T1aUibqR2QC2sINIDQOAK,Mambo Kingz
1h7sNVk55DtyKWbvPS9Zcq,Baby Jean
4PBCFEjR4a3OGdOZ6jeKKM,Seiler und Speer
69xcFpmqTOmFNOL08Bxyci,Talha Anjum
4lHAjTCvXGu8QIM3cEe93m,Maka
5u6VEc0OwUChkBhYfAcSWS,Lucaveros
2OTqocUdUt52tEuCd1sJ15,Florence Arman
4HzKw8XcD0piJmDrrPRCYk,Majid Jordan
1aA5OGASCVhznQYm71BMYg,Babblarna
74cb3MG0x0BOnYNW1uXYnM,Hillsong UNITED
6aQfrWHwAcuY8IYItbChZh,Shinda Kahlon
1w2P5nNsO5W7FYq2Oui0cM,De Mthuda
3nf5TibQyKs9zFqyazzMqh,DE LACURE
0B6Y4zlto5DbCaU6eNLvXi,Bhalwaan
4kmKTxjchPXGEcnpiW8iTx,柊マグネタイト
30mNTnmvPn3HwXA5dW1Iza,Racoon
50iBEPSw6kQ8GQkumXz7XZ,Hesham Abdul Wahab
0gy6YVLQnEbSdWzxap1ue6,Dully Sykes
2wkoKEfS6dXwThbyTnZWFU,Mau y Ricky
18yvjJdI9KYQ7uJAZ2z8fY,Karat
3PZTvUS5fUUhV3EKAjqdZk,MC Danny
7eDzXjUfzTCzfAkB8C6ysL,CAPTOWN
2yRQV9I2707gOoMNQWyEva,Robi
1tzmpEszJYiSOC682w6p81,2K
2P3abGqnSParmhC3gKueg8,B Tamir
5oJvmyeWzyeahRtjup3Oys,AVAION
6GoZ2axiSqX91WzMrvJfWk,Dorian
3elCsuJ1JjDeAd8mjlRRX5,Blæst
2yHxc12dEUiLXNeqUadxBh,Tommy Lee Sparta
6wduHvHCH5QZtWs6ULilDM,Henry Freitas
4QQgXkCYTt3BlENzhyNETg,"Earth, Wind & Fire"
2uBSo6TqjuddKVUp5MVqfV,Supafly
17TxUtKcfnsMuLJ7GF0gBC,Dawid Obserwator
03IbEiokQjTDfvdyIYV5D4,Ida Laurberg
3R1s7ru91QkN2uPJ8Uc9fU,Брутто
3pwlDl0l2GxLybJ2JV9ONZ,Anastasia
327ipGIr9bD3MkLb2eucqC,Suara Kayu
4wV2rwQDyZvb25WZ74YekC,Kinder Lieder
2aaLAng2L2aWD2FClzwiep,Dream Theater
2oBG74gAocPMFv6Ij9ykdo,Seedhe Maut
5wE0KHIPasAq9oKW3PkDpq,Anantha Sriram
5I3uAFbAOhuVSKdrcG5mgy,Sugarfree
5kvGYraWFlXs2Jbt1Kphn8,Gippy Grewal
5oqLnVZzJJXE3YnzzZfRKu,F.I.R.
0z95de4u3nq6WP69dyMrJW,Vesna
7frYUe4C7A42uZqCzD34Y4,Sultaan
0SnyKkoyBaB2fG8IJH4xmU,Los Piojos
4xYAJbccuTDFnsuA4FzCSr,Dave Metzger
7rw4JZ6AJaLdceACzcGOIV,dj Killer
3slFwYETeozSBsZutab5vF,Mc Torugo
24ln2MhGkr8aWPhqrgQ7LZ,Edgar Domingos
2boacFGRX1WIo7NFS8B0F2,Gazapizm
3tczhGs2LfnH9mwrmG9cRI,Maurin
6S3KljEiIOWoLMUyZrkQUc,Marnik
212RAD04CL3a1XwexVB129,Cysoul
4FuRHFtCeoYaeeVDKyyvbS,OVAN
0ZbgKh0FgPYeFP38nVaEGp,Obito
6HCkJzbswOIc7Qc5TJ1n5l,JMSN
7ymCV8co6nSwmYFEyGmVvJ,Aydın Kurtoğlu
4bWHA8fMNjzfGPQqnh5D6y,Recycled J
0L5fC7Ogm2YwgqVCRcF1bT,Volbeat
3ALm6zJLaJMWV0r89kuYtu,Modà
1eXXCUkwhu0MRLTamWEgXE,Oskoow
74HomvqoUecDcUPRespyqg,Suspekt
0m3D4grap8VFSzbJMqgNVk,Kumaar
2ZfQk5ZacjDAu5FkpFihF3,Martin Morero
5M6l6OB6nq0z6U1Kd3gglY,Nervy
6zUWZmyi5MLOEynQ5wCI5f,Da LAB
5q1NzLZwErZ9ujzqZKL0YZ,Три дня дождя
69MEO1AADKg1IZrq2XLzo5,UB40
3kLaFkY8dscdLove42grJF,ZERA
2q9wk5fkeU2C9CgCKdh4AN,Mc IG
7ypgj95aGInvJMJbMv78wB,jade
1Ffb6ejR6Fe5IamqA5oRUF,Bring Me the Horizon
1mvpEXClANunyiHFtAXCxt,MC Rick
27kGBCjiz5OXojkKX4xQ6R,BUSHIDO ZHO
4HHdjvdn30koo54zQ6QeF5,Ungu
4YgUVg4p7xtMOrOS4GjiJZ,Jatin-Lalit
1on7ZQ2pvgeQF4vmIA09x5,Charlie Brown Jr.
3Vm0BsJPeOfMq4KG9jOfVN,Dream 2 Science
03SBMfoHX3EUENFwFoLN5i,Soppgirobygget
2r3DAIz6afSzxVnM1Rzj3N,XAI
70OAdYggwWl6EApsgp1jNX,Luis Alberto Posada
23ajwxFk5RBpPERZrcjHUr,Eclipse
7xeM7V59cA1X8GKyKKQV87,Sin Bandera
3x621ItlHMtX7mrJ8QnEjM,HY
2SHhfs4BiDxGQ3oxqf0UHY,Roxette
5NTMa7YJCseQqw70zgF7b5,Bedroom Audio
0QoKkMC6uy7fUng96fab1I,Mizzy Miles
6O74knDqdv3XaWtkII7Xjp,Boyz II Men
7fL1kRUb9Zv1xxgOmsuUPn,Moncho Chavea
3BxkTvDusjDWsWtjBkokUT,Renn
0NErdIJtuKBjtxKmlqaWdj,Divya Kumar
7ictQXHIBmXODb4ykTI95n,Yusuf Güney
5DfaMudUwkoz6TAPYifqkJ,Naira Marley
0GpuSge5ffZ053NhXxgQkV,Cardenales de Nuevo León
2vov4zolAP7zbIhB5CsIPm,Alien Weaponry
7rVV9d6vc4FLT752uRuk71,Arivu
67VD8ftPWN5UqSvZpEYsOt,Espoir 2000
2egbAKw0uyj81NkLWPYEXv,Kell Kay
2Hkut4rAAyrQxRdof7FVJq,Rush
4S9JHkwPHHcx0H7AVNHspz,Young Boss
3exvMmrLV6o4R42YnG3Id6,EGZOD
4jXLwmp2AhoxoaPr14fagb,SAMBA PEUZZI
4kIwETcbpuFgRukE8o7Opx,Arlo Parks
3iOvXCl6edW5Um0fXEBRXy,The xx
6fHE8xZBCxzwer9DIbOmv4,Boohle
3EyOT8FSuINDoWYHfm8TIM,O'Kenneth
5HDIqGasKpgXkw6DlAEBJY,KOSS
2Eo4Yaukt9d6dnZrY5hQKi,Ciro y Los Persas
4TeM4orWQq9H1Wj2intCub,La Repandilla
0hwjSlN7w3WWQY3mLdogAC,Dawid Kwiatkowski
22ojy4H4ZVpowC4lRRC8In,Destroyer
6wIPycsVyFlJaHYTW8qY0T,Dolce
29vPfjqj8X5ri4AJRt8wVM,PeterPan
7aASXckUdNXJ5X338n8C1D,Voyage
1BElEHaU2xaZg7FOGsSird,Die Schule der magischen Tiere
0ChMIwzbYxHbebgoPeETfV,LIDA
51TXQniEQkYh89tfLjiuSy,Ant Wan
6a3WaWgxrVmNIvaiTCI0Kk,Artigeardit
0f3EsoviYnRKTkmayI3cux,Men at Work
4J6A7DGmVEA4CXhTnCxxEd,Andro
0fs9otT9TtwXUOcFXZomZY,Caiiro
7CdGfkCRgPhElnqy3HPJ4a,Super Simple Songs
4TH4BHy0LdBi3dpBW4P2UX,R. City
0jWniZlqlLCZY3xSPwPXz5,TVORCHI
6HqgxkTt9KGyt27zYrwVan,Super Yei
6MzSOs05e7ubSxoNAeYTl3,Migrant
2jFnPm8VeSO19i6B8blXB5,Abou Debeing
6fqjJNsLs7g6F3PXy01Xnw,AzChike
79bxUQsBIXO8nVLB9fYKf7,Modern Talking
5jqKIZLB5WA5KquEihB3ND,Deacon Blue
6OBgaDVTONTa4rkGpE7sVE,Sin Laurent
0MvSBMGRQJY3mRwIbJsqF1,Royal Philharmonic Orchestra
2E93OTghhH2JKYUWt48gFK,AHTI
1XYuC1vxinTjHCNd5clB8C,Arashi
01jsyCt7tvyaOfCkCKYjCw,Filip Lackovic
5Oe7ToHpWN7t7nWtJvJ7gi,Charan Raj
7uWyXPJ04ihdQdYGGw3xVV,Guzior
0SvMqdbMZMkjHEXVm6ocok,The Vivaldi Players
1BCBAzjX8J0qpvNTPRDCLc,Son Mieux
6lLcADNCdjVNStVfYWTfWS,Settembre
3PbkSdpJnYRF18jau74b7R,Abdullah Siddiqui
4iCzh7b2cLbHVsPOwhr8W0,JoeyAK
1d5Y2zrhRQ6R0plv652L67,Ukendt Kunstner
3PJXBZwTVyr34UkC1R9RMI,SebaS
7bu3H8JO7d0UbMoVzbo70s,The Cure
4QwXKmGPo7GsU3N8LJykki,Pika
2qPE1cHelmMHiIqKHhQdK4,Dejour
4riOEaOW5hCeqomFDBk0aP,Rochy RD
7kvnG7JhX0ycVMVb8SP8EL,Bryartz
7BQ86kobdl1i68CelxiToX,Lowee
5R5EUMWsrYDt3ItavrP6C5,Sushant KC
5RqcTk3xp9dW1BLsdQ0NE9,Aerozen
7o4wZjVHHWe4gw4oenPmcK,Evgenya Redko
1tyZ7Tmc3dC2eGKsEa19Ev,ODS
21jIXD4kxFw0DpxNfjeXd6,Skippa
07c58rT0yQeN7Y7dt3iABz,Amra
5pDpKXDZXe97W5nPVRQo8A,Meditation Music
2GoeZ0qOTt6kjsWW4eA6LS,Darshan Raval
4gP93834jVbocef9R42gQz,Kwaku DMC
5szJHKg5xeUlQ9pTqzdpic,Taiu
3oDbviiivRWhXwIE8hxkVV,The Beach Boys
47PlThLkeouzT58n1Urjdm,The Ironix
0K7M2QEMiMcok8igQeSsRU,Landrick
6CSKMBCeQhddsPL63zvDhX,DJ Leska
6XvK21GWoDPlCD2wHh3ziY,Juss
0ZRQKFaYGEtbLc8NbyICoe,Deeperise
2Wwiu1wnq1W8AMYbWuRFDH,Arde Bogotá
5oYHL2SijkMY52gKIhYJNb,Elefante
46hfNL2Bni5Ux8hCDMAjIN,Chavanté
6tw6EpC9RgmSRZiZg0n22t,Legião Urbana
1ukmGETCwXTbgrTrkRDnmn,Nathaniel Bassey
0KQX2wRHV2VLjuscfJFNxB,BLØF
39VceBo0jXir85LCeAmAIs,Kamisa 10
26T6b8maqEVltcmE4kSDUl,Corona
6MEnfJ5ZGJYdgP8WK4WESP,ThunderZ
4zf0kIjnzqjWlI3Eaw5VlA,Stadio
1PyldAvwu9cUk9wn2wBWh9,CIV
0bmKQDkU4J3gUykZS8tb6v,LFERDA
1nVEvn7RMNxj27rn0WE13E,Mr JazziQ
4jfe3cL8wzjPxD9CViP2dW,Aron Can
5B6H1Dq77AV1LZWrbNsuH5,Jarabe de Palo
42cc22xiuvWzjmFHSKwwwv,Locura Mix
6xeFne1rkxMhKSW3ipvkdV,Toploader
5UqZ7BXoccyvTHyXLk1Pk3,Kayra
5M8AXrOifBT8elkLKbGPQZ,Superfly
6le80R1opKnTlP4o3KvA2k,Uru
3qnLK7C8h0LfoeK2PaxVcc,RAYU
2NPduAUeLVsfIauhRwuft1,Nightwish
61q7DO3LsxVBCeQlrcz7ub,Luiz Claudio
0LEFXUmolvR4s4tzfkCF7J,Enrasta
3YC5DVJDjyazvB8hxJSybr,Kuumaa
1VZVyf06KS6zf8HpbW6WHd,Buta
3sntDD4Y2K97qvDq3GPqZ5,Myslovitz
5poyNTy0YyDwAMSYBJ7zgv,Lichterkinder
47iSWoNrLjnWCWesR14gL2,Mundo Bita
3bgsNtcf5d5h9jbQbohfBK,Extremoduro
26T4yOaOoFJvUvxR87Y9HO,Bethel Music
6nVcjUJemqpJjc1WevwTvL,La Vela Puerca
7nA1WJ3WqELfMWgoimh41R,Schwiizergoofe
0OV6SkCcoRHlz2uaCo0PG9,DJ Frass
7CW7QdOgRStOg7JktRuZ3E,Imen Es
22QaKKmBIH3QiotuG30W3o,SantaFeria
4UK2Lzi6fBfUi9rpDt6cik,ヨルシカ
1sPg5EHuQXTMElpZ4iUgXe,ANAVITÓRIA
4wlPkvHKZzP2K8wtBzFRyY,Vixen
0L5f9aJIaxQXTipZ7uQYiC,Bheems Ceciroleo
5yxyJsFanEAuwSM5kOuZKc,London Symphony Orchestra
5ZOMkfINXvTF4GqNwHPsfW,Badoxa
7KVlQQd4Ivl0fPGWY62rnz,Adem Ramadani
4K9OTkRXEFL6NDXFTqVmq9,Elina
6PdJJhJWHFRtoERTQ8JGq1,Navaan Sandhu
2dkbKcHXhN7ooFBdqAV76G,Nyno Vargas
74XFHRwlV6OrjEM0A2NCMF,Paramore
5gjph9aB0GbzOHxdqrxnLY,CEF Tanzy
4LwRgSkj7AJJTKLnEaHjMv,Lucio101
08jywfUS0hp8XYlYs0cvz8,Rampa
7wTu5u7W3kc9Id5JAvSAFV,Viejas Locas
2RMn57qMY0yhUiIYdtUXlh,Blaue Blume
0YMeriqrS3zgsX24nfY0F0,The Tragically Hip
6ERytyft8dcTGIVtiuNpxp,KhakiKid
5bzWtCkjIAMgN93gLt56SO,Tropkillaz
6MvRVq0CtpQQlwnIiszV8F,Magic System
0a1gHP0HAqALbEyxaD5Ngn,Rascal Flatts
2IKdK6PbitvCiXt1t2bPU6,Mesita
4Ej2jIiPJF0VL1F92mwmOx,An-Marlen
3pQ4aA7dkolyjUAMrVScgh,Manan Bhardwaj
7JTVqKJ414qRPuDPhdKnHD,Valeria Castro
3hZ2JuVlcM4yFRDwPUSXvC,Twenty Fingers
6FtZhorjCMfkaVJ7kKdmq7,Payal Dev
3444S3C4U9Ts86BnCtSPRV,Treaty Oak Revival
1deQzOQwArAsUgm2WdjtyI,Sajjan Raj Vaidya
4Tqhn8v9Cws9SRsViQe61U,Roan Ash
3GoPGMx3Q2xUwmzM3RYGUq,Armenta
1OCpqnXexjxrakYtmur3rN,Les Enfoirés
4MzJMcHQBl9SIYSjwWn8QW,Spiritbox
0Wi2fADbhwXlPUWxBmzo99,Szpaku
2x6kZekpNZMll7Uq3M6ar5,Hoke
2lvEKcQtOdHfHhWNjDTTvl,Sangeet
0AEQNlJAZeghMaFyIYfrQG,SB Maffija
22bE4uQ6baNwSHPVcDxLCe,The Rolling Stones
6TITnFVRcl0AcZ4syE7Toe,Low G
6FXMGgJwohJLUSr5nVlf9X,Massive Attack
1ZMJSCQw8DIefcLb1FIpY0,Los Dareyes de la Sierra
3Z814BstLaKbLqKHXsht8O,Gripin
6k6dimE4a6OFnD0HWmkIUW,Tochi Raina
0SSgGgCftrslhyAEDEDdim,Hypeman
0Cu08qtw8B63QjP1jQX9fR,Mufasa
38IHJBGBuaYXHEkIQd4DtF,Altamash Faridi
0NO8SsF6umjI3iQJzTycVF,Jex
1EZhPZUiU6c52gOAZLIcR2,Dylisa
3ICflSq6ZgYAIrm2CTkfVP,The Animals
568ZhdwyaiCyOGJRtNYhWf,Deep Purple
50ZzowkYhUZZ2uGZSXqJbE,Florian Künstler
351x2S7CduShTNvtzgkMl7,Ding Dong
1gzKrEwGrhGu4vRaxIMASw,Jens Kleist
3M1eBsR4rSTcDAzYopumeG,Asme
3HsKwm0E7RukDXYEDTZCV8,NAPA
6wPhSqRtPu1UhRCDX5yaDJ,The Pussycat Dolls
5ALUgNuS421MZrrrAhM9Bv,Bruno X Spacc
4TkLTkst9LQlJ0zAmXtXmv,Ramana Gogula
5JG9GISYjRLQUJMH2C6iJ5,Turma do Pagode
0nmQIMXWTXfhgOBdNzhGOs,Avenged Sevenfold
52iM1kP5BpnLypZ0VtrpyY,Kwesi Arthur
5pokGZ1K9Hr6etaKPDxSG8,The Toys
47tuSUJMhsa3twW6wgKdIW,Nursery Rhymes 123
3e7awlrlDSwF3iM0WBjGMp,Little Mix
6mR1T0u7PgpkobjEtSeFXS,Wing
6NEj7qdWpQXSeiST36X7ES,Simon Superti
0T1CMVkqffHlqEk4BcAph1,Tulsi Kumar
13ccXrK7AmXb4TddMkE7jy,Everything but the Girl
6LZA6PhNCwUfHzqfpN1nYL,Angela Torres
2Lx7Z9oYFNKv5GU4ytyoiw,Cocky
0BFOR0xN4zLA5xU3Rvini3,Mafi
37mqXU98U5GmH5ZDtlHM1c,Matheus Fernandes
64tNsm6TnZe2zpcMVMOoHL,Alice in Chains
5hlcYSbfgsN5kwxz0v70OJ,Josh Tatofi
3xXIOO328Ieh0PWOcxivjL,Aymos
4KImW2pxuQWLAomScUxTny,Grupo Azteka
0VfZOXTKdM6a0foB6Nxl8p,Экси
1mV9h1AwhRXSjBFcYpajgY,Mc Lele JP
5FhjSSoKazHVr8mWpiwW6R,DJ Taek
0SwO7SWeDHJijQ3XNS7xEE,MGMT
5GVk1KCKa1tdHRev4bMw7V,Nobita
613554IkMC7vjDq0fq4Z1M,Niman
7jefIIksOi1EazgRTfW2Pk,Electric Light Orchestra
4pz4uzOMpJQyV8UTsDy4H8,ASTRO
5DgAYMu4hukMNxCw4jYHwi,Özge Öz
4fj5OWrMmlCbrc3PocAcl1,J9ueve
5qPeAT4ikl6gJNUexAOEy0,Oques Grasses
26T3LtbuGT1Fu9m0eRq5X3,Cage the Elephant
12kjvw4e3gLp6qVHO65n7W,Blaqbonez
2r9JAY6ISvp0VvZsT6cBJo,Shiro
6lrpKiPnrnPLeKxKqIq7A7,Neyna
1lE1SGLNabSpBbJB9A9qtU,Problem Child
4DCHl7YS8J9pe2THEUvarN,Truwer
0Je74SitssvJg1w4Ra2EK7,4 Non Blondes
6rHwFb0YjWexAYxTjm4eIj,Nickoog Clk
2NgTPluNpfsoYZnoeU2VsH,TIF
10CItw8tdXThklMWPI55vu,Sameera Bharadwaj
414pDI8Y502owCbg7U6Skf,Musa Keys
6k8odn7NzzTT4K3NBNtsfV,Felo Le Tee
57uWnv67tvDbc2QIXt1L62,Sanisah Huri
2xK3hBpuuHSxmHr96TzgDO,TOLEDO
6d4jrmreCmsenscuieJERc,The Band CAMINO
7DOOGHZ6CXsF8bvNrnDE6W,Turfy Gang
18ISxWwWjV6rPLoVCXf1dz,Rin
7hkFOXZNtMKGG8QXTRSQcT,BERMUDU DIVSTŪRIS
09qHO1fFJ6iIeTuCjO7Bfa,Roc Boyz
1luOe8HkZQ7zwuaO2wuJqI,[Alexandros]
3Vfd5HJnhjnvdyuQYHtYa2,Markul
5VQCk9RiLwri99OgOT34kq,Vilma Palma e Vampiros
43BxCL6t4c73BQnIJtry5v,James Hype
6TaGVnSdzIsOLVxiAKxotV,La Superstar Des Comptines Rondes Et Berceuses
5ZxRmJ21NzjxD2ZGBxi7um,陳華
0c3dDCJfxcT4lYNugbKvJt,Cheba Warda
6vNAKgK5d74N1I0zTxRPDp,Tream
2CmaKO2zEGJ1NWpS1yfVGz,Falling in Reverse
2ZmXexIJAD7PgABrj0qQRb,N.Flying
63DYB7bF1QTSSG8H61gMSD,issey
2noU35ow21LQjXl4msANBG,Yohana
5hBCfYFEDK8otrksMYuzoL,Parno Graszt
4zhMand4AowXuUz4VpGiTJ,Bárbara Bandeira
6oJ3RovzSuzzrPstdx7gxZ,Manifest
5FtTYV0KGsTgVFpSbPpuRk,Twenty20
7374lH6kwx9uQATYQ9H3Cp,Eraserheads
0hBYSjDjcAaAuSZcpN8jk9,JP THE WAVY
3YLKSMEYShoUuQZu4JrHwv,Giampaolo Pasquile
0zUzwxZaqSR2P3gMfecZQd,Michele Garruti
3ygJTpJJIK7eEeC2EFRl9D,Alcolirykoz
2ZT8zCu4xXbz7R1R0EzqWO,Pronto
7EvvLZS0GP7XuNlWFFXpFR,Lilas ir Innomine
4FC2wXrDWr5lLCZeAUgfVn,DJ Tira
2ZbyyCS8KLKsuoNlxc76Ev,Ude Af Kontrol
2SFwcduI9cdZsG6UxnBm3C,Sepehr Khalse
4SfGzWmeoNPKIOmiyc7Pav,Flatland Cavalry
3Czx2mC782Kp7t0rNKBVhH,White Noise For Babies
6gvVFtkTV4OCyQSCzGgU1h,Nik Tendo
6IWxOu9w3PtIpLa7A178ad,Pegasus
0lGwv9pn5fxp2dVoocz5Ao,Kiss of Life
5bVgn8ImAnQDIB1NjxfSvb,Remers
22JNV0JWTJkY1qzKJhxdRe,Travis Greene
5TvdGhdmRObqOkU6eGfXb5,Preston Pablo
1zJK2aIQTlvLYcq7qrtUc3,Evgeny Khmara
1eEfMU2AhEo7XnKgL7c304,Carpenters
4G5OlxtrOm9ADmu3VZgFbG,Meyou
2nTPCD3IukOtNX689ctkES,Vinka
1b7AEdUSudOQoZF5ebUxCL,HUMBE
6oMuImdp5ZcFhWP0ESe6mG,Migos
1NaQOKgddaJipUtmptb7GI,Argy
1SIw8nXWjvAKeb6Dhh85cz,Sam Dew
5SwsSD9zyWaWeVyK9qIW9l,Lord Siva
3qpyErDI4i90q5EGgSRmNK,Raghav Chaitanya
64s6yr2vWCKyr5Ldwaslwk,Iliona
2dmFGufs1lJpgKnb5NyPNS,ByeAlex és a Slepp
1rTUwYS38LkQTlT2fhikch,Yung Beef
1Ulwacsns9Me7dz4OVwkiQ,SEREBRO
52XgeWw24o4klNdfwvB0Vx,Kunaal Vermaa
0vR2qb8m9WHeZ5ByCbimq2,Reik
38W9DiKfCJQxQp5zUYyFDw,Letty
5SbkVQYYzlw1kte75QIabH,Gnarls Barkley
0hVN0MWgK3oTTBoqBVSRwt,Sliki
7DcUua74PM7MmBljTTjIyy,Shiraz Uppal
48dz8C2SNCkNCy7DkU9tZE,MOMO
491U1PrV1EoQuhM0aUCn9r,M Huncho
4aPsL8sPDTXIR11gYfAb0i,Mirela
5GvMLzUp6tMBpaCbr903RN,Broederliefde
4bJh7sMPcVRiqe5jlnsWQV,Dellafuente
31Gbv2WFzy6QX0X6DkGiHA,Benny Adam
7Lemn0MD6Cb2QfmeZJ5BwS,Hakuna Group Music
7ohlPA8dRBtCf92zaZCaaB,Crowded House
32qeMmjXorbPWS9JOi8O2p,SERIOUS BACON
3ICwBdKVyEdVqFqZX0BAks,Barnaba
53cVnpkm8dTmf20tssYSNF,Shadow Blow
6dy3S3XlshIQw4or3qS4xE,Heritage Singers
2KAxbtaQ2BNrCFEat7eAbD,Sidaction
7vX253va0fqx0oGl2KuW22,MRK
2VYQTNDsvvKN9wmU5W7xpj,Marilyn Manson
0ep4meZkkWo1UGzm1XhKFV,NЮ
6nS5roXSAGhTGr34W6n7Et,Disclosure
734bmNflMslwf81kYoy7bs,Abi Flynn
1caoBfXJrbKCwIaTzGkyHn,Six60
6IP4VnqS1pOiQcPVP4zx0H,Prem Dhillon
7HwzlRPa9Ad0I8rK0FPzzK,SEKAI NO OWARI
4sijS1yCmPr19XHM3jsHW6,Aikyn Tolepbergen
3pMYJHAY5ErzmJQVWb8VX6,LUNE
1dYgdOMg4XebDBOo7EsnCe,Foje
1WLKjYJX9YHSlwufclauhg,URBOYTJ
40k85G0FYRLzZnHmfUc2mr,Josva
4uXWoMQ5N4kmQdBW3nFW4i,Mouhous
3sgFRtyBnxXD5ESfmbK4dl,LMFAO
6IA0c7ljnyM14XsePnrFpw,Sergio Luis Rodríguez
28oxY7ZfDt1BJFf8FVfpEh,Robin Zoot
2FBvlvG5TL6SPA2tCLiusa,Tempest
7lXN2zsTNeVB1MM7rIrWnI,LOOJAN
6P53KWlNsdXnQAFBNBbUQL,Unfazed
7jLSEPYCYQ5ssWU3BICqrW,Picture This
5eLTULECbpoiNT8czpulxX,Fäaschtbänkler
3gwIlS9NOwBgwV3RfQIYiR,Intence
42IUN9kTPdUdI1kre6L7Wk,P-Square
5q3atpVIFpXkHlcOKyK0H4,Siloé
28zi2otdxykdgK7slFvOm7,Modrijani
4OkeTQCk0fvX6VBYpOOxDi,Amaral
1EYdbYpGAuJy6uZo4sVMoM,Idaly
6GTwMrB4u3hwcUyc9sU1UL,The Minds of 99
5M52tdBnJaKSvOpJGz8mfZ,Black Sabbath
3UaEtP4pJGDhyEzy47AMzl,Malte Ebert
6SXTTUJxIVwMbc1POrviTr,Cocomelon
6Jsq0AbwEKcmDuyA4ca9wu,Kashmir
4mYFgEjpQT4IKOrjOUKyXu,Wheatus
7gsMzXapXdZ5XzVPJp4rBd,Liriany
1H0D7p5aN8tGG8DPLt0Nbv,Lbenj
6PjV05LlULv9XmFu7HeAia,Wheeler Walker Jr.
1wNx3CGOGPC8TObkjQtPyX,Flirrt
09vo12hHajgG2cZzq0rGmE,Bensoul
3dm6lDgdQh05XDHGhb9XQf,Leanna Crawford
21UJ7PRWb3Etgsu99f8yo8,Stereophonics
0lZoBs4Pzo7R89JM9lxwoT,Duran Duran
5R3NywPPOyhLfdvutgg0me,Los Abuelos de la Nada
6yRoSjTiV0pJB8CubaG4rR,Bagga
3oo88ul6DPnYZwZG4CZBTY,Butrint Imeri
1h6Cn3P4NGzXbaXidqURXs,Swedish House Mafia
4WUGQykLBGFfsl0Qjl6TDM,The Magician
4jv5HhfrMz5Xfy9t1LLciJ,Ali Raza
72KyoXzp0NOQij6OcmZUxk,Midnight Oil
0pcoadNMmvrUyab1RxWBoV,MC Hariel
2cvAWNKeSNVAfSZqAQIIS3,Mzukulu
3TNt4aUIxgfy9aoaft5Jj2,Yeah Yeah Yeahs
7cNNNhdJDrt3vgQjwSavNf,Memphis May Fire
3fiFznyE9dPhAnc8sERV9S,Tadeo
0NTSMFFapnyZfvmCwzcYPd,Cradle of Filth
1ZVACPeq7ccGCoUXwtafUU,KNEECAP
61OfH8eB8aJIc9T98cecNT,Sugarcane
4DMkrFIqGXLycc4YLYTn1i,Tiagz
6mKwmTMzDrye9elc8JWiw3,MC Leozin
0ZbitUHy4wYrvbCiRPS1qA,Payaso x Ley
2E6ODN4Dna1vkh6s8sxHC0,PRODGK
0OS0NZnK7TGIAWx8MkWNFN,Intense
5T4UKHhr4HGIC0VzdZQtAE,Faithless
5hnSOpUeldFZV2lzs8TP1w,3House
23Q5T7JtqekFJMbC0XKxnh,Diyar Pala
3G3Gdm0ZRAOxLrbyjfhii5,My Bloody Valentine
4jhJ8cnJ9vYKyCh289nuwQ,M!LK
5I8OAPN5jY1wvHwpnsRRsA,Kybba
2wpWOzQE5TpA0dVnh5YD08,Bronski Beat
5KORW1YGiERJqfuYjXMCyz,Mattafix
1qKLikeNYpQFSsDAjg7HpI,The Kiboomers
1g7CL458gLNv8UY3W2IFBw,Kafon
4TK1gDgb7QKoPFlzRrBRgR,Los Enanitos Verdes
5ygGHl3fcjSnPYYJE9x1P0,XRS
3CkvROUTQ6nRi9yQOcsB50,Genesis
6fuBzGi9geCiEfCUV5zav3,Hey Kid
2cnMpRsOVqtPMfq7YiFE6K,Van Halen
1jj0qqazY8R9qnrGAKneIh,Goa
1BdtWszUR1z5SeU5qXNU31,Feine Sahne Fischfilet
01pKrlgPJhm5dB4lneYAqS,Sigma
3cqeO3muWIW5uSmUDNCmyT,Rekha Bhardwaj
2Bjh5lfBvG5Oy6gCtpSGy2,Benjamin Dube
2xiIXseIJcq3nG7C8fHeBj,Three Days Grace
0uq5PttqEjj3IH1bzwcrXF,Spice Girls
1KQJOTeIMbixtnSWY4sYs2,Paky
7bg4UOzqHiULOABzTycGyX,IMMUNE
79sho4jpEGoCCC51KHnNSJ,Naresh Kamath
46aNfN89JrOQTCy97GoCHa,Tokio Hotel
5IcGbIAgdns0R5EJKHMjCQ,LOCASH
19CxlXaWOlZh2pqZrJlHxN,Frsh
4QSTyDpxsKmv3UfavVUImR,Darkoo
7kplJl06UmldxLKseURAYi,Warren Zeiders
47mIJdHORyRerp4os813jD,League of Legends
45ft4DyTCEJfQwTBHXpdhM,milet
0JSfR2jTpDwwPu11K3tzRo,Micah Ariss
4k3yrCOPB5wp2ne8R9MQoM,Janine
0V2DfUrZvBuUReS1LFo5ZI,Ngọt
734Ea35ORu5chErtoqMMtU,Daniil
49hXirJMduzgmUXGXDjSeT,King P
3JsMj0DEzyWc0VDlHuy9Bx,Supertramp
0ybFZ2Ab08V8hueghSXm6E,Opeth
6ul6vL8Hg5jTulDi0Ac8ao,Eisbrecher
1i2sOJlmgkWrWx28rB17Bd,Los Inquietos del Vallenato
2cy1zPcrFcXAJTP0APWewL,Gente de Zona
2MLHBMApNE5h8wIufiTPs7,Duncan Dhu
5ysOQVQHHU9GJZBKmZMRHv,Azteca
1lDWyPzSZOqP5jfZNm5lLI,DJ Stokie
6OwKE9Ez6ALxpTaKcT5ayv,AKMU
6xl0mjD1B4paRyfPDUOynf,Brodha V
1GLtl8uqKmnyCWxHmw9tL4,The Kooks
37w38cCSGgKLdayTRjna4W,Mazzy Star
1d0XexB437dO6DJxXa6L7j,KXA
4WB1NUL01OyTTuhNkdyljG,Matej Straka
6RoQz9twE1wPVEcFvwv7iO,Iraj
2mSHY8JOR0nRi3mtHqVa04,Los Prisioneros
26OG4ryQ7oFAbUNAvYCOgn,Vale Lambo
79MTG7HPurBgQ0ilwJ4AgM,Moses Bliss
2hTmpvdwhpNZryOkwTisRW,Toxi$
2jbrqAuwSdvwcMTbtvncND,MFÖ
1Zkxm1dM3HI3QkTmxUEVQA,Los Gemelos de Sinaloa
2TSslwx9J30KElgEr68sdv,Los Alegres del Barranco
7Kh6SBEGtFtqjYo5bN0ACG,Young Martino
0kgzsELkTqlBM4FAnOwra5,Sám Sebou
68ASbzKA9iG2gd7JRfPD71,Loso
40Yq4vzPs9VNUrIBG5Jr2i,The Smashing Pumpkins
7gP3bB2nilZXLfPHJhMdvc,Foster the People
4D0CepDROoLM09ht1sM5cu,Era
4rgw8A5vcYinpZLDKHrEdV,Satinder Sartaaj
5IxWv5qXFhkzRt91O4i6gU,Sudrabu Sirds
0nWEe4MRacRVVWT71b9PeM,MRFY
2d0hyoQ5ynDBnkvAbJKORj,Rage Against the Machine
1V662Xly7vfsecWoSbsBtT,AK-47
3Z3aTg9PwJ37e8xeO0aUC9,01099
0WG2lsHLnC8lvMVKKfp6Nb,NOUS
05fG473iIaoy82BF1aGhL8,Slipknot
5CA5IqbsFr4hpNLdjgO0BU,DJ Tao
1LyYIhqdjG9R9VdIRSftBb,Undergrunn
6dXL3SnQlCGX9LCUAyin6a,Stereoact
7fMsRBEkpnedlrAhePVuLn,Rally
0yOSvlhtID1BtqO5UUv5SL,Christina Shusho
1ky9AutfgEv5IsgVnFgA6K,α Healing
3PgeUFj9oHU4K4RGaITz2f,Paresh Kamath
6YokSTjH921pwT94BZLhTz,Omnya
5InVWl8IZB8zFAoNa5roKm,Mc Kako
5WDOXIkjKNjEzlXmLgZVz9,Synne Vo
6g7i9qhTwxhEuxNUhU1mCg,IamNeeta
7IgzsWd4tWIn70uh6dAq8d,Seksendört
4rXABp4A7KjG9elWFNAbO4,Miracle Tones
1063YgLGlWU0JM26pOnrnv,Tuğba Yurt
1yX62RHdYysNcIrO33WQxJ,Dani Flow
1oPRcJUkloHaRLYx0olBLJ,Magdalena Bay
7dFzqx2qyelGPiBKmdSEOT,Rob Deniel
1NkQbSzN7LhkURNg2ChZMp,Nabeel Shaukat Ali
2xsBUJ327d3iC1LvL5hYrQ,Yew
7kIugQ8wJXbh4k72hgMuyK,Nia Pearl
6QCX4dw3138zvY1fUOBwJ7,Tycoon
2dfY7zXIP61MKHtD175hFp,Noah Carter
7gobcoscOfsY0nOeqqFzvU,Yüzyüzeyken Konuşuruz
61TQfpvTjHYQjPrvtJPwVa,NBSPLV
18VUKXPiyznwK6LEULTUco,1Mill
2h5Ha0ZiMFmOQD3iYcSXsy,Kayblack
2oQJQUIpJFFnfKvHJA0xBu,The City of Prague Philharmonic Orchestra
05dG9pMLRWenxzvSmefE6U,MixSingh
0Zncosr79q01riJYbSBNA1,Turf
4zoRNhOhsGX3w8yBAnFSQ8,Paul Russell
6Ghvu1VvMGScGpOUJBAHNH,Deftones
5T9Q17uI3gmKMJiNs4CMQR,Murovei
31esXlsRlVAFFGS7lx4BOS,BOYdPOD
1L9i6qZYIGQedgM9QLSyzb,Klingande
0hCNtLu0JehylgoiP8L4Gh,Nicki Minaj
48LgJ066Hdjrjf2BiIntdx,Popsi og Krelle
2Osj5g9VkHReOlZgfoEQao,estraden
7Js6Lde8thlIHXggv2SCBz,Europe
4Vr0nv4nM4aqWfj76zDTTp,Yaşlı Amca
4BPiDIdCGWgKy8UzVS1a4S,DJ Lalo
0zhMujl1yB8pkB023Qm4Y2,Green Montana
6hROVnzmmEdJChCcpQRBQx,Gwamba
70NcAr4ZtA3FAqU16iQZSb,Dhruv
7MhMgCo0Bl0Kukl93PZbYS,Blur
5AVAzwpIu9f3H1oegupPCd,Travis World
4Jd9XCHzRXTB7ZPPVzJoUm,Milano
5iB5AWIa7qreioi0AF3Bxa,The Bellamy Brothers
1E4r4z7ivGUcSAnCbINJ9v,Drowning Pool
3inzIBtXMSkZTGEfC0a1kT,Kontrafakt
6H1RjVyNruCmrBEWRbD0VZ,Def Leppard
1lYT0A0LV5DUfxr6doRP3d,The Stone Roses
6rk6Izp6o42fUdE0jRqAP4,Alee
1i1DQiBhPIvgpNnVQ69cgJ,AstralKid22
054D7n62qxjhkfcBZhdRSI,Hamo Bika
5mYWkDD4b1eM4ZjFq5axxs,Aidonia
4zWFlKgU4j7ryWg5nsOmU6,Lenier
7HYJrA3HSTNDmkl5pylhaY,Gino Mella
3FUY2gzHeIiaesXtOAdB7A,Train
5ewHYLzO9DKzWrUqVD93Ds,Empire Bakuba
76wDwepIombkHCdm0kas1h,Tawsen
4cfKtwkefMW3aiXtxfw8w6,Nomcebo Zikode
7ggM69yllqpMykcU8Tror4,Inkonnu
1SQRv42e4PjEYfPhS0Tk9E,The Kinks
4M3DAApROQAuDojXHNwNgn,The Ravens
0dqT9B1Xej71qvAo8uE4Uh,Sahir
3MaQwUQBigrjcMYHk8bDKm,Pyhimys
0FINyNBXqnTlRC4dvpSeSb,Gyllene Tider
0b2GL7Y02vu50qieoQmw1w,IAmChino
3oNy8cjBtJzLC07I70sklp,Belanova
29kkCKKGXheHuoO829FxWK,Boston
7s4IAtCfcA31LaTyEHUfjn,Gelo
65x4FhzASyLheNtZaFSlr5,Titom
5ugsiK49gIkIVh8U93EO0z,Ami Mishra
3PgHsTUSjZkBi2OEhXD2dw,Master H
7b6Ui7JVaBDEfZB9k6nHL0,The Local Train
4VnA54lsQnc9ImvrEY34fO,Gerilson Insrael
105zzMv7YWXNlEOan0owJb,Heimweh
6Nm62oNQCdPxVoiQtFSksF,Estelares
1f6CQnTy4FKDgLGzp6G2Wd,Los Diablitos
1h40NvcAHSbG4O2r3932kB,Karolina
2ZiHQ3wOlb6bH7bf1R8NTB,Inas
3836OTICMPjhTMMcpPw4EC,Broiler
07nCYoPlXkWlhC2FHm1INS,Marko Glass
1S2LvqXsxs8m20LxtK8ktM,Jeep
2sp0CxickfFJun08JtXgiA,Diel Paris
1VPmR4DJC1PlOtd0IADAO0,$uicideboy$
0w7HLMvZOHatWVbAKee1zF,Redbone
3P4VNQLuN1qQQnL8rMaIkL,Noriega
6t1gpxYbY8OlLA7D2RiikQ,Loud Luxury
2O1RhhvI2Nm8cnATE8u8ya,Kayawoto
3tPQOjkxO3mrYrrgkTeXgH,Nikhita Gandhi
3X4o7qy1ci4qtCVg2AtuXb,Singapūras Satīns
32bq0Oy4ygWPR5ItUM5J5M,Paradox
0EdvGhlC1FkGItLOWQzG4J,Sublime
4anj9zOF7FjhA3z4PGEplr,Fifi
37czgDRfGMvgRiUKHvnnhj,Öwnboss
7yCGrS6Xh3UngvY6Ad5sMJ,Legado 7
6liAMWkVf5LH7YR9yfFy1Y,Portishead
5hqRsNHDZH1jHzI9LgxFRZ,Filipek
5KQkZpnpLDuZnkLWfG6hiQ,La Revancha
7iXYHQPYLQSz3b3hbPJpk3,Towy
2zUQjYvy0TevSi4d3PjqQO,MONGOL800
60X7K2bIpjUiuCDX7lk19b,GMS Live
639JWxW2uEqbQQpgsb4TGz,Cheb Youcef
2NPa8c1RvJy1il7ie6pqjS,Daima
5iM4dDbBN6a4OqxKPuxgS6,Major SPZ
0LWXvmwdwsL0uPokRmix6M,Ko-jo Cue
7JrZbwBSIfKcc2gn1Xa4Bd,Jabbar
3dN9MQpjIyNxyeRfz4EDZe,Rochak Kohli
0ohvsn0lgt51qZUbu9ct4s,Boogarins
2AfU5LYBVCiCtuCCfM7uVX,Kota the Friend
1ybINI1qPiFbwDXamRtwxD,Smino
1anyVhU62p31KFi8MEzkbf,Chance the Rapper
5XqH779LPE3MY0wFSg9JY8,Davi Sabbag
4IVAbR2w4JJNJDDRFP3E83,6LACK
